,gram+
0,1
1,1
2,0
3,1
4,1
5,0
6,0
7,1
8,0
9,0
10,1
11,1
12,1
13,1
14,1
15,1
16,1
17,1
18,1
19,1
20,1
21,1
22,0
23,0
24,0
25,1
26,1
27,0
28,0
29,1
30,0
31,1
32,1
33,1
34,1
35,1
36,1
37,1
38,1
39,1
40,1
41,1
42,1
43,1
44,1
45,1
46,1
47,1
48,1
49,0
50,0
51,0
52,0
53,1
54,1
55,1
56,1
57,1
58,1
59,1
60,1
61,1
62,1
63,1
64,1
65,1
66,1
67,1
68,1
69,1
70,1
71,1
72,1
73,1
74,1
75,1
76,1
77,1
78,1
79,1
80,1
81,1
82,1
83,1
84,1
85,1
86,1
87,1
88,1
89,1
90,1
91,1
92,1
93,1
94,1
95,1
96,1
97,1
98,1
99,1
100,1
101,1
102,0
103,1
104,1
105,1
106,1
107,1
108,1
109,1
110,1
111,1
112,1
113,1
114,1
115,0
116,0
117,1
118,1
119,1
120,1
121,1
122,1
123,1
124,1
125,1
126,1
127,1
128,1
129,1
130,1
131,1
132,1
133,1
134,1
135,1
136,1
137,1
138,1
139,1
140,1
141,0
142,1
143,1
144,1
145,1
146,1
147,0
148,1
149,1
150,1
151,1
152,1
153,1
154,1
155,1
156,1
157,1
158,1
159,1
160,1
161,1
162,1
163,1
164,1
165,1
166,1
167,0
168,0
169,1
170,1
171,1
172,1
173,1
174,1
175,1
176,1
177,1
178,1
179,1
180,0
181,1
182,1
183,1
184,1
185,1
186,1
187,1
188,1
189,0
190,1
191,0
192,1
193,1
194,1
195,0
196,0
197,1
198,1
199,1
200,1
201,1
202,1
203,1
204,1
205,1
206,1
207,1
208,1
209,1
210,1
211,1
212,1
213,1
214,1
215,1
216,1
217,1
218,1
219,1
220,1
221,1
222,1
223,1
224,1
225,1
226,1
227,1
228,1
229,1
230,1
231,1
232,1
233,1
234,1
235,1
236,0
237,0
238,1
239,1
240,1
241,1
242,1
243,1
244,1
245,1
246,1
247,1
248,1
249,1
250,1
251,1
252,1
253,1
254,1
255,1
256,1
257,1
258,1
259,1
260,1
261,1
262,1
263,1
264,1
265,1
266,1
267,1
268,1
269,1
270,1
271,1
272,1
273,1
274,1
275,1
276,1
277,1
278,1
279,1
280,1
281,1
282,1
283,1
284,1
285,0
286,0
287,1
288,1
289,1
290,1
291,1
292,1
293,1
294,1
295,1
296,1
297,1
298,1
299,1
300,1
301,0
302,1
303,1
304,1
305,1
306,1
307,1
308,1
309,1
310,1
311,1
312,0
313,1
314,1
315,1
316,1
317,1
318,1
319,1
320,1
321,1
322,1
323,1
324,1
325,1
326,1
327,1
328,1
329,1
330,1
331,1
332,1
333,1
334,1
335,1
336,0
337,1
338,1
339,1
340,1
341,1
342,1
343,0
344,1
345,1
346,1
347,1
348,1
349,1
350,1
351,1
352,1
353,1
354,1
355,0
356,0
357,1
358,1
359,1
360,1
361,0
362,0
363,0
364,0
365,1
366,1
367,1
368,1
369,1
370,1
371,1
372,1
373,1
374,1
375,1
376,1
377,1
378,1
379,1
380,0
381,1
382,1
383,1
384,1
385,1
386,1
387,1
388,1
389,1
390,1
391,1
392,1
393,1
394,1
395,0
396,0
397,1
398,1
399,1
400,1
401,1
402,0
403,0
404,0
405,0
406,0
407,1
408,1
409,1
410,0
411,0
412,1
413,1
414,1
415,1
416,1
417,1
418,1
419,1
420,1
421,1
422,1
423,0
424,0
425,1
426,1
427,1
428,1
429,0
430,1
431,1
432,1
433,1
434,0
435,1
436,1
437,1
438,1
439,1
440,1
441,1
442,1
443,1
444,0
445,1
446,1
447,1
448,1
449,1
450,1
451,0
452,0
453,0
454,1
455,1
456,1
457,1
458,1
459,1
460,1
461,1
462,1
463,1
464,1
465,1
466,1
467,1
468,1
469,1
470,1
471,1
472,1
473,1
474,1
475,1
476,1
477,0
478,0
479,1
480,1
481,0
482,1
483,1
484,1
485,1
486,1
487,1
488,1
489,1
490,1
491,1
492,1
493,0
494,1
495,1
496,1
497,1
498,1
499,0
500,1
501,1
502,1
503,1
504,0
505,1
506,1
507,0
508,1
509,0
510,0
511,1
512,1
513,1
514,1
515,1
516,1
517,1
518,1
519,1
520,1
521,1
522,1
523,1
524,1
525,1
526,1
527,1
528,1
529,1
530,1
531,0
532,1
533,1
534,1
535,1
536,1
537,1
538,1
539,1
540,1
541,0
542,0
543,0
544,1
545,1
546,1
547,1
548,1
549,1
550,1
551,1
552,1
553,1
554,1
555,1
556,1
557,1
558,1
559,1
560,1
561,1
562,1
563,1
564,1
565,1
566,1
567,1
568,1
569,1
570,1
571,1
572,1
573,1
574,1
575,1
576,0
577,1
578,0
579,1
580,1
581,1
582,1
583,1
584,1
585,1
586,1
587,0
588,1
589,1
590,1
591,1
592,1
593,1
594,1
595,1
596,1
597,1
598,1
599,1
600,1
601,1
602,1
603,0
604,1
605,1
606,1
607,1
608,1
609,0
610,0
611,0
612,0
613,0
614,0
615,0
616,1
617,1
618,1
619,1
620,1
621,1
622,1
623,1
624,1
625,1
626,1
627,1
628,1
629,1
630,1
631,1
632,1
633,1
634,1
635,1
636,1
637,1
638,0
639,1
640,1
641,1
642,1
643,1
644,0
645,0
646,0
647,0
648,0
649,0
650,1
651,1
652,1
653,1
654,1
655,0
656,1
657,1
658,1
659,1
660,1
661,1
662,1
663,1
664,0
665,1
666,1
667,1
668,1
669,1
670,1
671,1
672,1
673,1
674,1
675,1
676,1
677,1
678,1
679,1
680,1
681,1
682,1
683,1
684,1
685,1
686,1
687,1
688,1
689,1
690,1
691,1
692,1
693,1
694,1
695,1
696,1
697,1
698,1
699,0
700,1
701,1
702,1
703,1
704,1
705,1
706,1
707,0
708,1
709,1
710,1
711,1
712,1
713,1
714,1
715,1
716,0
717,1
718,1
719,1
720,1
721,1
722,1
723,1
724,1
725,1
726,1
727,1
728,0
729,0
730,0
731,0
732,0
733,1
734,1
735,1
736,0
737,1
738,1
739,1
740,1
741,1
742,1
743,1
744,1
745,1
746,1
747,1
748,1
749,1
750,1
751,1
752,1
753,1
754,1
755,1
756,1
757,1
758,1
759,1
760,1
761,1
762,1
763,1
764,1
765,1
766,1
767,1
768,1
769,1
770,1
771,1
772,1
773,1
774,1
775,1
776,1
777,1
778,1
779,1
780,1
781,1
782,1
783,0
784,0
785,0
786,1
787,0
788,1
789,1
790,0
791,1
792,1
793,1
794,1
795,0
796,1
797,1
798,0
799,0
800,0
801,0
802,1
803,1
804,1
805,1
806,1
807,1
808,1
809,1
810,1
811,1
812,1
813,1
814,0
815,1
816,1
817,0
818,1
819,1
820,1
821,1
822,1
823,1
824,1
825,1
826,1
827,1
828,1
829,1
830,1
831,1
832,1
833,1
834,1
835,1
836,1
837,1
838,1
839,1
840,1
841,1
842,0
843,1
844,1
845,1
846,1
847,1
848,1
849,1
850,1
851,1
852,1
853,1
854,1
855,1
856,1
857,1
858,1
859,1
860,1
861,1
862,1
863,1
864,1
865,1
866,0
867,0
868,1
869,1
870,1
871,0
872,1
873,1
874,1
875,1
876,1
877,1
878,1
879,1
880,0
881,1
882,1
883,1
884,1
885,1
886,0
887,0
888,0
889,0
890,0
891,1
892,1
893,1
894,1
895,1
896,1
897,1
898,1
899,1
900,1
901,1
902,1
903,1
904,0
905,1
906,1
907,1
908,0
909,1
910,1
911,1
912,1
913,0
914,0
915,1
916,0
917,0
918,0
919,0
920,0
921,0
922,1
923,0
924,1
925,1
926,1
927,1
928,1
929,1
930,1
931,1
932,1
933,1
934,1
935,1
936,1
937,1
938,1
939,1
940,1
941,1
942,1
943,1
944,1
945,1
946,1
947,1
948,1
949,1
950,0
951,0
952,0
953,0
954,0
955,0
956,0
957,0
958,0
959,1
960,0
961,0
962,0
963,1
964,0
965,0
966,0
967,0
968,0
969,0
970,0
971,0
972,0
973,0
974,0
975,0
976,0
977,0
978,0
979,0
980,0
981,0
982,0
983,0
984,0
985,0
986,1
987,1
988,1
989,0
990,0
991,0
992,0
993,1
994,1
995,1
996,1
997,1
998,0
999,0
1000,1
1001,1
1002,1
1003,1
1004,1
1005,1
1006,1
1007,1
1008,1
1009,1
1010,1
1011,0
1012,0
1013,0
1014,0
1015,0
1016,1
1017,1
1018,1
1019,1
1020,1
1021,1
1022,1
1023,1
1024,1
1025,1
1026,1
1027,1
1028,1
1029,1
1030,1
1031,1
1032,1
1033,1
1034,1
1035,1
1036,1
1037,1
1038,1
1039,1
1040,1
1041,1
1042,1
1043,1
1044,1
1045,0
1046,1
1047,1
1048,1
1049,1
1050,1
1051,1
1052,1
1053,1
1054,1
1055,1
1056,0
1057,0
1058,0
1059,1
1060,1
1061,1
1062,1
1063,0
1064,1
1065,1
1066,1
1067,1
1068,1
1069,1
1070,1
1071,1
1072,0
1073,0
1074,0
1075,0
1076,0
1077,0
1078,0
1079,1
1080,1
1081,1
1082,1
1083,1
1084,1
1085,1
1086,1
1087,1
1088,1
1089,1
1090,1
1091,1
1092,1
1093,1
1094,1
1095,1
1096,1
1097,1
1098,1
1099,1
1100,1
1101,1
1102,1
1103,1
1104,0
1105,1
1106,1
1107,1
1108,1
1109,1
1110,1
1111,1
1112,0
1113,1
1114,1
1115,1
1116,1
1117,0
1118,1
1119,1
1120,0
1121,1
1122,1
1123,1
1124,0
1125,0
1126,0
1127,0
1128,0
1129,1
1130,0
1131,0
1132,1
1133,1
1134,1
1135,1
1136,1
1137,1
1138,1
1139,1
1140,1
1141,1
1142,1
1143,1
1144,1
1145,0
1146,0
1147,1
1148,1
1149,1
1150,1
1151,1
1152,1
1153,1
1154,0
1155,1
1156,1
1157,1
1158,1
1159,1
1160,0
1161,1
1162,1
1163,1
1164,1
1165,1
1166,1
1167,1
1168,1
1169,1
1170,1
1171,1
1172,1
1173,0
1174,0
1175,1
1176,0
1177,0
1178,1
1179,1
1180,0
1181,1
1182,1
1183,1
1184,1
1185,1
1186,0
1187,1
1188,1
1189,1
1190,1
1191,1
1192,1
1193,1
1194,1
1195,1
1196,1
1197,1
1198,1
1199,1
1200,1
1201,0
1202,1
1203,1
1204,0
1205,0
1206,1
1207,1
1208,0
1209,1
1210,1
1211,1
1212,1
1213,1
1214,1
1215,1
1216,1
1217,0
1218,0
1219,0
1220,1
1221,1
1222,1
1223,1
1224,1
1225,0
1226,0
1227,0
1228,1
1229,1
1230,1
1231,1
1232,0
1233,1
1234,1
1235,1
1236,0
1237,0
1238,0
1239,1
1240,1
1241,1
1242,1
1243,1
1244,1
1245,1
1246,1
1247,1
1248,1
1249,1
1250,1
1251,1
1252,1
1253,1
1254,1
1255,0
1256,1
1257,1
1258,1
1259,1
1260,1
1261,1
1262,1
1263,1
1264,1
1265,1
1266,1
1267,1
1268,1
1269,1
1270,1
1271,1
1272,1
1273,1
1274,1
1275,1
1276,0
1277,1
1278,0
1279,0
1280,0
1281,1
1282,0
1283,1
1284,1
1285,1
1286,1
1287,1
1288,1
1289,1
1290,1
1291,1
1292,1
1293,1
1294,0
1295,1
1296,0
1297,1
1298,1
1299,1
1300,1
1301,1
1302,0
1303,1
1304,1
1305,1
1306,1
1307,0
1308,1
1309,1
1310,1
1311,1
1312,0
1313,0
1314,1
1315,1
1316,1
1317,1
1318,1
1319,0
1320,1
1321,1
1322,1
1323,1
1324,1
1325,1
1326,1
1327,0
1328,1
1329,1
1330,1
1331,1
1332,1
1333,1
1334,1
1335,0
1336,1
1337,0
1338,0
1339,1
1340,1
1341,1
1342,1
1343,1
1344,1
1345,0
1346,1
1347,1
1348,1
1349,1
1350,0
1351,1
1352,1
1353,1
1354,1
1355,1
1356,1
1357,1
1358,1
1359,0
1360,0
1361,0
1362,0
1363,1
1364,0
1365,0
1366,0
1367,0
1368,1
1369,1
1370,1
1371,1
1372,1
1373,1
1374,1
1375,1
1376,1
1377,1
1378,1
1379,1
1380,1
1381,1
1382,1
1383,1
1384,1
1385,1
1386,1
1387,1
1388,1
1389,1
1390,1
1391,0
1392,1
1393,1
1394,1
1395,1
1396,1
1397,1
1398,1
1399,1
1400,1
1401,0
1402,1
1403,1
1404,1
1405,1
1406,1
1407,1
1408,1
1409,1
1410,1
1411,1
1412,1
1413,1
1414,1
1415,1
1416,1
1417,1
1418,0
1419,0
1420,1
1421,1
1422,0
1423,0
1424,1
1425,1
1426,1
1427,1
1428,1
1429,1
1430,1
1431,1
1432,1
1433,1
1434,1
1435,1
1436,1
1437,1
1438,1
1439,1
1440,1
1441,1
1442,1
1443,1
1444,1
1445,0
1446,1
1447,1
1448,0
1449,1
1450,1
1451,1
1452,1
1453,1
1454,1
1455,1
1456,1
1457,1
1458,1
1459,1
1460,1
1461,1
1462,1
1463,1
1464,1
1465,1
1466,1
1467,1
1468,1
1469,1
1470,1
1471,1
1472,1
1473,1
1474,1
1475,1
1476,0
1477,0
1478,0
1479,1
1480,0
1481,1
1482,0
1483,0
1484,0
1485,0
1486,0
1487,0
1488,0
1489,0
1490,0
1491,0
1492,1
1493,1
1494,1
1495,1
1496,1
1497,1
1498,0
1499,0
1500,1
1501,0
1502,1
1503,1
1504,1
1505,1
1506,1
1507,1
1508,1
1509,1
1510,1
1511,1
1512,1
1513,1
1514,1
1515,1
1516,1
1517,1
1518,1
1519,1
1520,1
1521,1
1522,1
1523,0
1524,1
1525,1
1526,1
1527,1
1528,1
1529,1
1530,1
1531,1
1532,1
1533,1
1534,1
1535,1
1536,1
1537,1
1538,1
1539,1
1540,1
1541,1
1542,1
1543,1
1544,0
1545,1
1546,0
1547,0
1548,1
1549,1
1550,1
1551,1
1552,0
1553,1
1554,1
1555,1
1556,1
1557,1
1558,0
1559,0
1560,1
1561,1
1562,1
1563,1
1564,1
1565,1
1566,1
1567,1
1568,1
1569,1
1570,1
1571,0
1572,0
1573,1
1574,0
1575,0
1576,1
1577,1
1578,1
1579,1
1580,1
1581,1
1582,1
1583,0
1584,0
1585,1
1586,1
1587,0
1588,1
1589,1
1590,1
1591,1
1592,1
1593,1
1594,1
1595,1
1596,1
1597,1
1598,1
1599,1
1600,1
1601,1
1602,0
1603,1
1604,1
1605,0
1606,0
1607,0
1608,0
1609,0
1610,0
1611,0
1612,0
1613,1
1614,1
1615,0
1616,0
1617,0
1618,0
1619,1
1620,1
1621,1
1622,1
1623,1
1624,1
1625,1
1626,1
1627,1
1628,1
1629,1
1630,1
1631,1
1632,1
1633,1
1634,1
1635,1
1636,1
1637,1
1638,1
1639,1
1640,1
1641,1
1642,1
1643,1
1644,1
1645,1
1646,1
1647,1
1648,0
1649,1
1650,1
1651,1
1652,1
1653,1
1654,1
1655,1
1656,1
1657,1
1658,1
1659,1
1660,1
1661,1
1662,1
1663,1
1664,1
1665,1
1666,1
1667,1
1668,1
1669,1
1670,1
1671,1
1672,1
1673,1
1674,1
1675,1
1676,1
1677,1
1678,1
1679,1
1680,1
1681,1
1682,1
1683,1
1684,1
1685,1
1686,1
1687,1
1688,1
1689,1
1690,1
1691,1
1692,1
1693,1
1694,1
1695,1
1696,1
1697,1
1698,1
1699,1
1700,1
1701,1
1702,1
1703,1
1704,1
1705,1
1706,1
1707,1
1708,1
1709,1
1710,1
1711,1
1712,1
1713,1
1714,0
1715,1
1716,1
1717,1
1718,1
1719,1
1720,1
1721,1
1722,1
1723,1
1724,0
1725,1
1726,0
1727,1
1728,1
1729,1
1730,1
1731,1
1732,1
1733,1
1734,1
1735,1
1736,1
1737,1
1738,1
1739,1
1740,1
1741,1
1742,1
1743,1
1744,1
1745,1
1746,1
1747,1
1748,1
1749,1
1750,1
1751,1
1752,1
1753,1
1754,1
1755,1
1756,1
1757,1
1758,1
1759,1
1760,1
1761,1
1762,1
1763,1
1764,1
1765,1
1766,1
1767,1
1768,1
1769,0
1770,1
1771,1
1772,1
1773,1
1774,1
1775,0
1776,1
1777,1
1778,1
1779,1
1780,1
1781,1
1782,0
1783,0
1784,0
1785,0
1786,0
1787,0
1788,0
1789,0
1790,0
1791,0
1792,1
1793,1
1794,1
1795,1
1796,1
1797,1
1798,0
1799,1
1800,0
1801,1
1802,1
1803,1
1804,1
1805,1
1806,1
1807,1
1808,1
1809,1
1810,1
1811,0
1812,0
1813,1
1814,0
1815,0
1816,1
1817,1
1818,1
1819,1
1820,0
1821,0
1822,1
1823,1
1824,1
1825,1
1826,1
1827,1
1828,1
1829,1
1830,0
1831,0
1832,0
1833,0
1834,0
1835,1
1836,1
1837,1
1838,1
1839,1
1840,1
1841,1
1842,1
1843,1
1844,1
1845,1
1846,1
1847,1
1848,1
1849,1
1850,0
1851,1
1852,1
1853,1
1854,1
1855,1
1856,1
1857,1
1858,1
1859,1
1860,1
1861,1
1862,0
1863,0
1864,1
1865,1
1866,1
1867,1
1868,1
1869,0
1870,1
1871,1
1872,1
1873,1
1874,1
1875,1
1876,1
1877,1
1878,1
1879,1
1880,1
1881,1
1882,1
1883,0
1884,1
1885,0
1886,1
1887,1
1888,0
1889,1
1890,1
1891,1
1892,1
1893,1
1894,1
1895,1
1896,1
1897,0
1898,0
1899,0
1900,1
1901,0
1902,0
1903,1
1904,1
1905,1
1906,1
1907,1
1908,1
1909,1
1910,1
1911,1
1912,1
1913,1
1914,1
1915,1
1916,1
1917,1
1918,1
1919,1
1920,1
1921,1
1922,0
1923,1
1924,1
1925,0
1926,0
1927,0
1928,0
1929,0
1930,0
1931,1
1932,1
1933,1
1934,0
1935,1
1936,1
1937,0
1938,1
1939,1
1940,1
1941,1
1942,1
1943,1
1944,0
1945,1
1946,1
1947,0
1948,1
1949,1
1950,0
1951,0
1952,1
1953,0
1954,0
1955,0
1956,1
1957,1
1958,0
1959,1
1960,1
1961,1
1962,1
1963,1
1964,1
1965,1
1966,1
1967,0
1968,1
1969,1
1970,0
1971,1
1972,1
1973,1
1974,1
1975,1
1976,1
1977,1
1978,1
1979,1
1980,0
1981,0
1982,1
1983,1
1984,0
1985,1
1986,1
1987,1
1988,1
1989,1
1990,1
1991,0
1992,1
1993,1
1994,1
1995,1
1996,1
1997,1
1998,1
1999,1
2000,1
2001,0
2002,1
2003,0
2004,0
2005,1
2006,1
2007,1
2008,1
2009,1
2010,1
2011,1
2012,1
2013,1
2014,1
2015,1
2016,1
2017,1
2018,1
2019,1
2020,1
2021,0
2022,1
2023,1
2024,1
2025,1
2026,1
2027,0
2028,0
2029,1
2030,1
2031,0
2032,1
2033,0
2034,0
2035,0
2036,0
2037,1
2038,1
2039,1
2040,1
2041,1
2042,0
2043,1
2044,1
2045,1
2046,1
2047,1
2048,1
2049,1
2050,1
2051,1
2052,1
2053,0
2054,1
2055,1
2056,1
2057,1
2058,1
2059,1
2060,1
2061,1
2062,1
2063,1
2064,1
2065,1
2066,1
2067,1
2068,1
2069,1
2070,1
2071,1
2072,1
2073,1
2074,1
2075,1
2076,1
2077,1
2078,1
2079,1
2080,1
2081,1
2082,1
2083,0
2084,1
2085,1
2086,1
2087,1
2088,1
2089,1
2090,1
2091,1
2092,1
2093,1
2094,1
2095,1
2096,1
2097,1
2098,1
2099,1
2100,1
2101,1
2102,0
2103,1
2104,1
2105,1
2106,1
2107,1
2108,1
2109,1
2110,1
2111,1
2112,1
2113,1
2114,1
2115,1
2116,1
2117,0
2118,1
2119,1
2120,1
2121,0
2122,0
2123,0
2124,0
2125,0
2126,1
2127,1
2128,1
2129,0
2130,0
2131,0
2132,0
2133,0
2134,0
2135,0
2136,0
2137,1
2138,1
2139,1
2140,1
2141,1
2142,1
2143,1
2144,1
2145,1
2146,0
2147,1
2148,1
2149,1
2150,1
2151,1
2152,1
2153,1
2154,1
2155,1
2156,1
2157,1
2158,1
2159,1
2160,1
2161,0
2162,1
2163,1
2164,1
2165,1
2166,1
2167,1
2168,1
2169,1
2170,1
2171,1
2172,1
2173,0
2174,1
2175,1
2176,1
2177,0
2178,0
2179,0
2180,1
2181,1
2182,1
2183,1
2184,0
2185,1
2186,1
2187,1
2188,1
2189,1
2190,1
2191,1
2192,1
2193,1
2194,1
2195,1
2196,1
2197,1
2198,1
2199,1
2200,1
2201,1
2202,1
2203,1
2204,1
2205,1
2206,1
2207,0
2208,1
2209,1
2210,1
2211,1
2212,1
2213,0
2214,1
2215,1
2216,1
2217,1
2218,0
2219,1
2220,1
2221,1
2222,1
2223,1
2224,0
2225,1
2226,1
2227,1
2228,1
2229,1
2230,1
2231,1
2232,1
2233,1
2234,1
2235,1
2236,1
2237,1
2238,0
2239,1
2240,1
2241,1
2242,1
2243,1
2244,0
2245,1
2246,1
2247,1
2248,1
2249,1
2250,0
2251,1
2252,1
2253,1
2254,1
2255,1
2256,1
2257,1
2258,1
2259,1
2260,1
2261,1
2262,1
2263,1
2264,1
2265,1
2266,1
2267,1
2268,1
2269,1
2270,1
2271,1
2272,0
2273,1
2274,1
2275,0
2276,1
2277,1
2278,0
2279,1
2280,1
2281,1
2282,1
2283,1
2284,1
2285,0
2286,0
2287,1
2288,1
2289,1
2290,1
2291,0
2292,0
2293,0
2294,0
2295,1
2296,0
2297,0
2298,0
2299,1
2300,1
2301,1
2302,1
2303,0
2304,0
2305,1
2306,0
2307,1
2308,1
2309,1
2310,1
2311,1
2312,1
2313,0
2314,1
2315,1
2316,0
2317,0
2318,0
2319,1
2320,0
2321,0
2322,1
2323,1
2324,1
2325,0
2326,1
2327,1
2328,1
2329,1
2330,1
2331,1
2332,1
2333,1
2334,1
2335,1
2336,1
2337,1
2338,1
2339,0
2340,1
2341,1
2342,1
2343,1
2344,1
2345,1
2346,1
2347,0
2348,0
2349,0
2350,1
2351,0
2352,1
2353,1
2354,0
2355,1
2356,1
2357,1
2358,1
2359,1
2360,1
2361,1
2362,1
2363,1
2364,1
2365,1
2366,0
2367,1
2368,0
2369,1
2370,0
2371,1
2372,1
2373,1
2374,1
2375,1
2376,1
2377,0
2378,0
2379,1
2380,1
2381,1
2382,0
2383,0
2384,0
2385,0
2386,0
2387,1
2388,1
2389,0
2390,0
2391,0
2392,0
2393,0
2394,0
2395,1
2396,1
2397,1
2398,0
2399,1
2400,1
2401,1
2402,1
2403,0
2404,0
2405,1
2406,1
2407,0
2408,0
2409,1
2410,0
2411,0
2412,1
2413,1
2414,1
2415,1
2416,1
2417,0
2418,0
2419,0
2420,1
2421,1
2422,0
2423,1
2424,0
2425,1
2426,0
2427,1
2428,1
2429,1
2430,1
2431,1
2432,1
2433,1
2434,0
2435,1
2436,1
2437,0
2438,1
2439,1
2440,1
2441,1
2442,1
2443,0
2444,1
2445,1
2446,0
2447,1
2448,1
2449,0
2450,1
2451,1
2452,1
2453,0
2454,1
2455,0
2456,1
2457,1
2458,1
2459,0
2460,0
2461,1
2462,1
2463,1
2464,0
2465,1
2466,1
2467,1
2468,0
2469,0
2470,1
2471,1
2472,1
2473,1
2474,1
2475,1
2476,1
2477,1
2478,0
2479,0
2480,0
2481,0
2482,1
2483,0
2484,0
2485,0
2486,0
2487,0
2488,0
2489,0
2490,0
2491,0
2492,0
2493,0
2494,0
2495,0
2496,0
2497,0
2498,0
2499,0
2500,0
2501,0
2502,1
2503,0
2504,0
2505,1
2506,1
2507,1
2508,1
2509,0
2510,1
2511,1
2512,1
2513,0
2514,1
2515,1
2516,1
2517,1
2518,1
2519,1
2520,1
2521,1
2522,1
2523,0
2524,0
2525,0
2526,1
2527,1
2528,0
2529,0
2530,0
2531,0
2532,1
2533,1
2534,1
2535,0
2536,0
2537,0
2538,0
2539,0
2540,0
2541,0
2542,0
2543,0
2544,0
2545,1
2546,0
2547,0
2548,1
2549,0
2550,1
2551,1
2552,0
2553,0
2554,0
2555,1
2556,0
2557,0
2558,1
2559,0
2560,0
2561,1
2562,1
2563,1
2564,1
2565,0
2566,0
2567,0
2568,1
2569,1
2570,1
2571,1
2572,1
2573,1
2574,0
2575,0
2576,0
2577,0
2578,1
2579,0
2580,1
2581,0
2582,0
2583,1
2584,1
2585,1
2586,0
2587,0
2588,0
2589,1
2590,0
2591,0
2592,0
2593,0
2594,0
2595,1
2596,1
2597,0
2598,0
2599,0
2600,0
2601,0
2602,0
2603,0
2604,0
2605,0
2606,0
2607,0
2608,0
2609,0
2610,1
2611,1
2612,1
2613,0
2614,0
2615,0
2616,0
2617,0
2618,0
2619,0
2620,0
2621,0
2622,0
2623,0
2624,0
2625,0
2626,0
2627,0
2628,0
2629,0
2630,0
2631,0
2632,0
2633,0
2634,0
2635,0
2636,0
2637,0
2638,0
2639,0
2640,0
2641,0
2642,0
2643,0
2644,0
2645,0
2646,0
2647,0
2648,0
2649,0
2650,0
2651,0
2652,0
2653,0
2654,0
2655,0
2656,0
2657,0
2658,0
2659,0
2660,0
2661,0
2662,0
2663,0
2664,0
2665,0
2666,0
2667,0
2668,0
2669,0
2670,1
2671,1
2672,1
2673,0
2674,0
2675,1
2676,0
2677,0
2678,0
2679,0
2680,0
2681,0
2682,0
2683,0
2684,0
2685,0
2686,0
2687,0
2688,0
2689,0
2690,0
2691,0
2692,0
2693,0
2694,0
2695,0
2696,0
2697,0
2698,0
2699,0
2700,0
2701,0
2702,1
2703,0
2704,0
2705,0
2706,0
2707,0
2708,0
2709,0
2710,0
2711,0
2712,1
2713,0
2714,1
2715,1
2716,1
2717,0
2718,0
2719,0
2720,1
2721,1
2722,0
2723,0
2724,1
2725,1
2726,0
2727,1
2728,0
2729,0
2730,0
2731,0
2732,0
2733,0
2734,0
2735,0
2736,0
2737,0
2738,0
2739,0
2740,0
2741,0
2742,0
2743,0
2744,0
2745,0
2746,1
2747,1
2748,0
2749,0
2750,0
2751,0
2752,0
2753,0
2754,0
2755,0
2756,0
2757,0
2758,0
2759,0
2760,0
2761,0
2762,0
2763,0
2764,0
2765,0
2766,0
2767,0
2768,0
2769,0
2770,0
2771,1
2772,1
2773,0
2774,0
2775,0
2776,0
2777,0
2778,0
2779,0
2780,0
2781,0
2782,0
2783,0
2784,0
2785,0
2786,0
2787,0
2788,0
2789,0
2790,0
2791,0
2792,0
2793,0
2794,0
2795,0
2796,0
2797,0
2798,0
2799,0
2800,0
2801,0
2802,0
2803,0
2804,0
2805,0
2806,0
2807,0
2808,0
2809,0
2810,0
2811,0
2812,0
2813,0
2814,0
2815,0
2816,0
2817,0
2818,0
2819,0
2820,0
2821,0
2822,0
2823,0
2824,0
2825,0
2826,0
2827,0
2828,0
2829,0
2830,0
2831,0
2832,0
2833,0
2834,0
2835,0
2836,0
2837,0
2838,0
2839,0
2840,0
2841,0
2842,0
2843,0
2844,0
2845,0
2846,0
2847,0
2848,0
2849,0
2850,0
2851,0
2852,0
2853,0
2854,0
2855,0
2856,0
2857,0
2858,0
2859,0
2860,0
2861,0
2862,0
2863,0
2864,0
2865,0
2866,0
2867,0
2868,0
2869,0
2870,0
2871,0
2872,0
2873,0
2874,0
2875,0
2876,0
2877,0
2878,0
2879,0
2880,0
2881,0
2882,0
2883,0
2884,0
2885,0
2886,0
2887,0
2888,0
2889,0
2890,0
2891,0
2892,0
2893,0
2894,0
2895,0
2896,0
2897,0
2898,0
2899,0
2900,0
2901,0
2902,0
2903,0
2904,0
2905,0
2906,0
2907,0
2908,0
2909,0
2910,0
2911,0
2912,0
2913,0
2914,0
2915,0
2916,0
2917,0
2918,0
2919,0
2920,0
2921,0
2922,0
2923,0
2924,0
2925,0
2926,0
2927,0
2928,0
2929,0
2930,0
2931,0
2932,0
2933,0
2934,0
2935,0
2936,0
2937,0
2938,0
2939,0
2940,0
2941,0
2942,0
2943,0
2944,0
2945,0
2946,0
2947,0
2948,0
2949,0
2950,0
2951,0
2952,0
2953,0
2954,0
2955,0
2956,0
2957,0
2958,0
2959,0
2960,0
2961,0
2962,0
2963,0
2964,0
2965,0
2966,0
2967,0
2968,0
2969,0
2970,0
2971,0
2972,0
2973,0
2974,0
2975,0
2976,0
2977,0
2978,0
2979,0
2980,0
2981,0
2982,0
2983,0
2984,0
2985,0
2986,0
2987,0
2988,0
2989,0
2990,0
2991,0
2992,0
2993,0
2994,0
2995,0
2996,0
2997,0
2998,0
2999,0
3000,0
3001,0
3002,0
3003,0
3004,0
3005,0
3006,0
3007,0
3008,0
3009,0
3010,0
3011,0
3012,0
3013,0
3014,0
3015,0
3016,0
3017,0
3018,0
3019,0
3020,0
3021,0
3022,0
3023,0
3024,0
3025,0
3026,0
3027,0
3028,0
3029,0
3030,0
3031,0
3032,0
3033,0
3034,0
3035,0
3036,0
3037,0
3038,0
3039,0
3040,0
3041,0
3042,0
3043,0
3044,0
3045,0
3046,0
3047,0
3048,0
3049,0
3050,0
3051,0
3052,0
3053,0
3054,0
3055,0
3056,0
3057,0
3058,1
3059,0
3060,1
3061,1
3062,0
3063,0
3064,0
3065,0
3066,0
3067,0
3068,0
3069,0
3070,0
3071,0
3072,0
3073,0
3074,0
3075,1
3076,1
3077,1
3078,1
3079,1
3080,1
3081,1
3082,0
3083,0
3084,0
3085,1
3086,0
3087,0
3088,0
3089,0
3090,0
3091,0
3092,0
3093,0
3094,0
3095,0
3096,0
3097,0
3098,0
3099,0
3100,0
3101,0
3102,0
3103,0
3104,1
3105,1
3106,1
3107,1
3108,0
3109,0
3110,0
3111,0
3112,0
3113,0
3114,0
3115,0
3116,0
3117,0
3118,0
3119,0
3120,0
3121,0
3122,0
3123,0
3124,0
3125,0
3126,0
3127,0
3128,0
3129,0
3130,0
3131,0
3132,0
3133,0
3134,0
3135,0
3136,0
3137,0
3138,0
3139,0
3140,0
3141,0
3142,0
3143,0
3144,0
3145,0
3146,0
3147,0
3148,0
3149,0
3150,0
3151,0
3152,0
3153,0
3154,0
3155,0
3156,0
3157,0
3158,0
3159,0
3160,0
3161,1
3162,0
3163,0
3164,0
3165,0
3166,0
3167,0
3168,0
3169,0
3170,1
3171,0
3172,0
3173,0
3174,0
3175,0
3176,0
3177,0
3178,0
3179,0
3180,0
3181,1
3182,1
3183,0
3184,0
3185,0
3186,0
3187,0
3188,0
3189,0
3190,0
3191,0
3192,0
3193,0
3194,0
3195,0
3196,0
3197,0
3198,0
3199,0
3200,0
3201,0
3202,0
3203,0
3204,0
3205,0
3206,0
3207,0
3208,0
3209,0
3210,0
3211,0
3212,0
3213,0
3214,0
3215,0
3216,0
3217,0
3218,0
3219,0
3220,0
3221,0
3222,0
3223,1
3224,1
3225,1
3226,0
3227,0
3228,0
3229,0
3230,0
3231,1
3232,1
3233,0
3234,0
3235,0
3236,0
3237,0
3238,0
3239,0
3240,0
3241,0
3242,0
3243,0
3244,0
3245,0
3246,0
3247,0
3248,0
3249,0
3250,1
3251,1
3252,0
3253,0
3254,0
3255,0
3256,0
3257,0
3258,0
3259,0
3260,0
3261,0
3262,0
3263,0
3264,0
3265,0
3266,1
3267,1
3268,0
3269,0
3270,1
3271,1
3272,1
3273,1
3274,1
3275,1
3276,1
3277,1
3278,0
3279,0
3280,0
3281,0
3282,0
3283,0
3284,1
3285,0
3286,0
3287,1
3288,1
3289,1
3290,0
3291,0
3292,0
3293,0
3294,0
3295,0
3296,0
3297,1
3298,0
3299,0
3300,1
3301,0
3302,0
3303,0
3304,0
3305,1
3306,1
3307,1
3308,1
3309,0
3310,0
3311,1
3312,1
3313,1
3314,1
3315,1
3316,0
3317,1
3318,1
3319,1
3320,1
3321,1
3322,1
3323,1
3324,1
3325,1
3326,1
3327,1
3328,1
3329,1
3330,1
3331,0
3332,0
3333,0
3334,0
3335,0
3336,0
3337,0
3338,0
3339,0
3340,0
3341,0
3342,1
3343,1
3344,0
3345,0
3346,0
3347,0
3348,0
3349,0
3350,0
3351,1
3352,0
3353,0
3354,0
3355,0
3356,0
3357,0
3358,0
3359,0
3360,0
3361,0
3362,0
3363,0
3364,0
3365,0
3366,0
3367,0
3368,0
3369,1
3370,0
3371,0
3372,0
3373,0
3374,0
3375,1
3376,1
3377,1
3378,1
3379,0
3380,0
3381,0
3382,0
3383,0
3384,0
3385,0
3386,1
3387,0
3388,0
3389,0
3390,0
3391,0
3392,0
3393,1
3394,1
3395,1
3396,1
3397,1
3398,0
3399,0
3400,0
3401,0
3402,0
3403,0
3404,0
3405,0
3406,0
3407,0
3408,0
3409,1
3410,1
3411,1
3412,1
3413,1
3414,0
3415,0
3416,0
3417,0
3418,0
3419,0
3420,0
3421,0
3422,0
3423,0
3424,0
3425,0
3426,1
3427,1
3428,1
3429,1
3430,0
3431,0
3432,1
3433,1
3434,0
3435,0
3436,0
3437,1
3438,1
3439,1
3440,1
3441,1
3442,0
3443,1
3444,0
3445,0
3446,0
3447,1
3448,1
3449,1
3450,1
3451,0
3452,0
3453,1
3454,0
3455,0
3456,1
3457,0
3458,0
3459,0
3460,1
3461,0
3462,0
3463,0
3464,0
3465,0
3466,0
3467,0
3468,1
3469,0
3470,1
3471,1
3472,0
3473,0
3474,1
3475,1
3476,1
3477,1
3478,1
3479,0
3480,1
3481,1
3482,1
3483,1
3484,1
3485,1
3486,1
3487,1
3488,1
3489,1
3490,1
3491,0
3492,0
3493,1
3494,1
3495,1
3496,0
3497,0
3498,1
3499,1
3500,1
3501,1
3502,1
3503,1
3504,1
3505,1
3506,1
3507,1
3508,1
3509,0
3510,0
3511,0
3512,0
3513,0
3514,0
3515,0
3516,1
3517,0
3518,0
3519,0
3520,0
3521,1
3522,1
3523,0
3524,0
3525,0
3526,0
3527,1
3528,1
3529,1
3530,0
3531,1
3532,1
3533,1
3534,1
3535,1
3536,1
3537,1
3538,1
3539,0
3540,1
3541,1
3542,1
3543,1
3544,1
3545,0
3546,0
3547,0
3548,0
3549,0
3550,0
3551,0
3552,0
3553,0
3554,0
3555,0
3556,0
3557,0
3558,0
3559,0
3560,0
3561,0
3562,0
3563,0
3564,0
3565,0
3566,0
3567,0
3568,0
3569,0
3570,0
3571,0
3572,0
3573,0
3574,0
3575,0
3576,0
3577,1
3578,0
3579,0
3580,0
3581,1
3582,1
3583,1
3584,0
3585,1
3586,1
3587,0
3588,0
3589,0
3590,0
3591,0
3592,0
3593,1
3594,0
3595,0
3596,0
3597,1
3598,1
3599,1
3600,0
3601,0
3602,0
3603,0
3604,0
3605,0
3606,0
3607,0
3608,0
3609,0
3610,0
3611,0
3612,0
3613,0
3614,0
3615,0
3616,0
3617,1
3618,1
3619,0
3620,1
3621,1
3622,1
3623,1
3624,1
3625,1
3626,0
3627,0
3628,1
3629,1
3630,1
3631,1
3632,1
3633,1
3634,1
3635,0
3636,1
3637,1
3638,1
3639,1
3640,1
3641,0
3642,1
3643,1
3644,0
3645,1
3646,1
3647,1
3648,1
3649,1
3650,1
3651,1
3652,1
3653,1
3654,1
3655,1
3656,1
3657,1
3658,1
3659,1
3660,0
3661,1
3662,1
3663,0
3664,1
3665,1
3666,1
3667,1
3668,1
3669,1
3670,1
3671,1
3672,1
3673,1
3674,1
3675,1
3676,1
3677,1
3678,0
3679,0
3680,0
3681,0
3682,0
3683,1
3684,1
3685,1
3686,1
3687,1
3688,1
3689,1
3690,1
3691,0
3692,1
3693,0
3694,1
3695,1
3696,1
3697,1
3698,0
3699,1
3700,1
3701,1
3702,1
3703,1
3704,1
3705,1
3706,1
3707,1
3708,1
3709,1
3710,1
3711,1
3712,1
3713,0
3714,0
3715,0
3716,1
3717,1
3718,0
3719,1
3720,0
3721,0
3722,0
3723,1
3724,1
3725,1
3726,1
3727,1
3728,1
3729,0
3730,1
3731,1
3732,1
3733,1
3734,1
3735,0
3736,0
3737,0
3738,1
3739,1
3740,1
3741,1
3742,1
3743,1
3744,1
3745,1
3746,1
3747,1
3748,0
3749,1
3750,1
3751,1
3752,1
3753,0
3754,1
3755,1
3756,1
3757,1
3758,1
3759,1
3760,1
3761,1
3762,0
3763,1
3764,0
3765,1
3766,1
3767,1
3768,1
3769,1
3770,1
3771,1
3772,1
3773,1
3774,1
3775,0
3776,1
3777,0
3778,1
3779,0
3780,1
3781,1
3782,1
3783,1
3784,1
3785,0
3786,1
3787,1
3788,1
3789,0
3790,0
3791,0
3792,0
3793,0
3794,0
3795,1
3796,0
3797,0
3798,0
3799,0
3800,0
3801,1
3802,0
3803,0
3804,1
3805,1
3806,0
3807,0
3808,1
3809,1
3810,0
3811,1
3812,1
3813,0
3814,1
3815,1
3816,0
3817,1
3818,0
3819,0
3820,0
3821,1
3822,0
3823,0
3824,1
3825,0
3826,0
3827,0
3828,1
3829,1
3830,1
3831,1
3832,0
3833,0
3834,1
3835,1
3836,0
3837,1
3838,1
3839,0
3840,0
3841,0
3842,0
3843,1
3844,1
3845,1
3846,1
3847,0
3848,0
3849,1
3850,0
3851,0
3852,0
3853,0
3854,1
3855,1
3856,1
3857,1
3858,0
3859,0
3860,1
3861,1
3862,1
3863,1
3864,1
3865,1
3866,1
3867,1
3868,1
3869,0
3870,0
3871,1
3872,1
3873,0
3874,1
3875,1
3876,1
3877,1
3878,1
3879,1
3880,0
3881,0
3882,0
3883,0
3884,0
3885,0
3886,0
3887,0
3888,0
3889,0
3890,1
3891,0
3892,0
3893,0
3894,1
3895,0
3896,0
3897,1
3898,1
3899,1
3900,1
3901,1
3902,1
3903,0
3904,0
3905,0
3906,0
3907,0
3908,0
3909,0
3910,0
3911,0
3912,0
3913,0
3914,0
3915,0
3916,0
3917,0
3918,1
3919,0
3920,0
3921,1
3922,0
3923,1
3924,1
3925,1
3926,1
3927,1
3928,1
3929,1
3930,0
3931,0
3932,0
3933,0
3934,0
3935,0
3936,0
3937,0
3938,0
3939,0
3940,0
3941,0
3942,0
3943,0
3944,0
3945,0
3946,0
3947,1
3948,1
3949,0
3950,1
3951,0
3952,0
3953,0
3954,0
3955,0
3956,0
3957,0
3958,0
3959,0
3960,0
3961,1
3962,0
3963,0
3964,0
3965,0
3966,0
3967,0
3968,0
3969,0
3970,0
3971,0
3972,0
3973,0
3974,1
3975,1
3976,1
3977,1
3978,1
3979,1
3980,1
3981,1
3982,1
3983,1
3984,0
3985,1
3986,0
3987,0
3988,0
3989,0
3990,0
3991,0
3992,0
3993,1
3994,1
3995,1
3996,1
3997,1
3998,1
3999,0
4000,0
4001,1
4002,1
4003,0
4004,0
4005,0
4006,0
4007,1
4008,1
4009,1
4010,0
4011,1
4012,0
4013,1
4014,1
4015,1
4016,1
4017,1
4018,1
4019,1
4020,0
4021,1
4022,1
4023,1
4024,1
4025,1
4026,1
4027,0
4028,1
4029,1
4030,1
4031,1
4032,1
4033,0
4034,0
4035,0
4036,0
4037,1
4038,1
4039,1
4040,1
4041,1
4042,1
4043,1
4044,0
4045,1
4046,0
4047,0
4048,1
4049,1
4050,1
4051,1
4052,1
4053,1
4054,1
4055,1
4056,1
4057,0
4058,1
4059,0
4060,1
4061,1
4062,1
4063,0
4064,1
4065,1
4066,1
4067,1
4068,1
4069,1
4070,1
4071,0
4072,0
4073,0
4074,0
4075,0
4076,1
4077,0
4078,1
4079,0
4080,1
4081,0
4082,1
4083,1
4084,0
4085,1
4086,0
4087,0
4088,0
4089,0
4090,0
4091,0
4092,0
4093,0
4094,0
4095,0
4096,0
4097,0
4098,0
4099,0
4100,0
4101,1
4102,1
4103,0
4104,1
4105,1
4106,0
4107,1
4108,1
4109,1
4110,1
4111,1
4112,1
4113,1
4114,0
4115,0
4116,0
4117,1
4118,1
4119,1
4120,1
4121,1
4122,1
4123,1
4124,1
4125,1
4126,0
4127,0
4128,1
4129,1
4130,1
4131,1
4132,1
4133,0
4134,0
4135,0
4136,0
4137,0
4138,0
4139,0
4140,0
4141,1
4142,1
4143,1
4144,1
4145,1
4146,0
4147,0
4148,0
4149,1
4150,1
4151,1
4152,1
4153,0
4154,1
4155,1
4156,1
4157,1
4158,1
4159,1
4160,1
4161,1
4162,1
4163,1
4164,0
4165,0
4166,0
4167,0
4168,0
4169,0
4170,1
4171,1
4172,0
4173,0
4174,0
4175,1
4176,1
4177,1
4178,1
4179,1
4180,1
4181,1
4182,1
4183,1
4184,1
4185,1
4186,1
4187,1
4188,1
4189,1
4190,1
4191,1
4192,1
4193,0
4194,1
4195,1
4196,1
4197,1
4198,1
4199,1
4200,1
4201,0
4202,0
4203,1
4204,0
4205,1
4206,0
4207,0
4208,0
4209,0
4210,0
4211,0
4212,0
4213,1
4214,0
4215,0
4216,0
4217,1
4218,0
4219,0
4220,0
4221,1
4222,1
4223,1
4224,1
4225,0
4226,0
4227,1
4228,0
4229,1
4230,1
4231,0
4232,1
4233,1
4234,0
4235,0
4236,1
4237,1
4238,1
4239,1
4240,1
4241,1
4242,1
4243,1
4244,0
4245,0
4246,1
4247,1
4248,1
4249,1
4250,1
4251,1
4252,1
4253,1
4254,1
4255,1
4256,1
4257,1
4258,1
4259,1
4260,1
4261,1
4262,1
4263,1
4264,1
4265,1
4266,1
4267,1
4268,1
4269,1
4270,1
4271,1
4272,1
4273,1
4274,1
4275,1
4276,1
4277,1
4278,1
4279,1
4280,1
4281,1
4282,1
4283,1
4284,1
4285,1
4286,1
4287,1
4288,1
4289,1
4290,1
4291,0
4292,0
4293,1
4294,1
4295,0
4296,0
4297,0
4298,1
4299,1
4300,1
4301,1
4302,1
4303,1
4304,1
4305,1
4306,1
4307,1
4308,1
4309,1
4310,1
4311,1
4312,0
4313,1
4314,1
4315,0
4316,1
4317,0
4318,0
4319,0
4320,0
4321,0
4322,0
4323,0
4324,0
4325,0
4326,0
4327,1
4328,0
4329,0
4330,1
4331,1
4332,1
4333,1
4334,1
4335,1
4336,1
4337,1
4338,1
4339,0
4340,0
4341,0
4342,0
4343,0
4344,0
4345,0
4346,0
4347,0
4348,0
4349,0
4350,0
4351,0
4352,0
4353,0
4354,0
4355,0
4356,0
4357,0
4358,0
4359,0
4360,0
4361,0
4362,0
4363,0
4364,0
4365,0
4366,0
4367,0
4368,0
4369,0
4370,0
4371,0
4372,0
4373,0
4374,0
4375,0
4376,0
4377,0
4378,0
4379,0
4380,0
4381,0
4382,0
4383,0
4384,0
4385,0
4386,0
4387,0
4388,1
4389,0
4390,0
4391,0
4392,0
4393,0
4394,0
4395,0
4396,0
4397,0
4398,0
4399,0
4400,0
4401,0
4402,0
4403,0
4404,0
4405,0
4406,0
4407,0
4408,0
4409,0
4410,0
4411,0
4412,0
4413,0
4414,0
4415,0
4416,0
4417,0
4418,0
4419,1
4420,0
4421,0
4422,0
4423,0
4424,0
4425,0
4426,0
4427,0
4428,1
4429,1
4430,1
4431,1
4432,1
4433,1
4434,1
4435,1
4436,1
4437,1
4438,1
4439,1
4440,0
4441,1
4442,0
4443,1
4444,0
4445,1
4446,1
4447,1
4448,1
4449,1
4450,1
4451,0
4452,1
4453,1
4454,1
4455,1
4456,1
4457,0
4458,0
4459,0
4460,0
4461,1
4462,1
4463,0
4464,1
4465,1
4466,1
4467,1
4468,1
4469,1
4470,1
4471,1
4472,1
4473,1
4474,1
4475,1
4476,1
4477,1
4478,1
4479,1
4480,1
4481,1
4482,1
4483,1
4484,1
4485,1
4486,1
4487,1
4488,1
4489,1
4490,0
4491,0
4492,0
4493,1
4494,0
4495,0
4496,0
4497,0
4498,1
4499,1
4500,1
4501,0
4502,0
4503,0
4504,0
4505,0
4506,1
4507,1
4508,1
4509,1
4510,1
4511,0
4512,1
4513,1
4514,0
4515,1
4516,0
4517,0
4518,0
4519,0
4520,0
4521,1
4522,1
4523,1
4524,0
4525,0
4526,0
4527,1
4528,1
4529,0
4530,0
4531,0
4532,0
4533,0
4534,0
4535,1
4536,0
4537,0
4538,1
4539,1
4540,1
4541,1
4542,1
4543,1
4544,1
4545,1
4546,0
4547,1
4548,1
4549,1
4550,1
4551,1
4552,1
4553,1
4554,1
4555,1
4556,1
4557,1
4558,1
4559,0
4560,0
4561,0
4562,0
4563,0
4564,0
4565,1
4566,1
4567,1
4568,1
4569,1
4570,0
4571,0
4572,0
4573,0
4574,0
4575,1
4576,1
4577,0
4578,1
4579,1
4580,1
4581,0
4582,1
4583,1
4584,0
4585,0
4586,1
4587,1
4588,0
4589,0
4590,0
4591,1
4592,0
4593,1
4594,1
4595,1
4596,1
4597,0
4598,0
4599,0
4600,0
4601,0
4602,0
4603,0
4604,0
4605,1
4606,1
4607,1
4608,0
4609,1
4610,1
4611,1
4612,1
4613,0
4614,0
4615,0
4616,1
4617,0
4618,1
4619,0
4620,0
4621,1
4622,1
4623,0
4624,0
4625,0
4626,0
4627,0
4628,1
4629,1
4630,1
4631,0
4632,0
4633,0
4634,0
4635,0
4636,1
4637,1
4638,0
4639,1
4640,1
4641,0
4642,1
4643,0
4644,0
4645,1
4646,0
4647,0
4648,0
4649,0
4650,0
4651,1
4652,0
4653,1
4654,0
4655,0
4656,1
4657,1
4658,0
4659,0
4660,0
4661,1
4662,0
4663,0
4664,0
4665,1
4666,0
4667,0
4668,0
4669,0
4670,0
4671,0
4672,0
4673,0
4674,0
4675,0
4676,0
4677,0
4678,0
4679,0
4680,0
4681,0
4682,0
4683,0
4684,1
4685,0
4686,0
4687,0
4688,1
4689,0
4690,0
4691,0
4692,0
4693,0
4694,0
4695,0
4696,0
4697,0
4698,0
4699,0
4700,0
4701,0
4702,0
4703,0
4704,0
4705,0
4706,0
4707,0
4708,0
4709,0
4710,0
4711,0
4712,0
4713,0
4714,0
4715,0
4716,0
4717,0
4718,0
4719,0
4720,0
4721,0
4722,0
4723,0
4724,0
4725,0
4726,0
4727,0
4728,0
4729,0
4730,0
4731,1
4732,1
4733,0
4734,1
4735,1
4736,1
4737,1
4738,0
4739,0
4740,0
4741,0
4742,0
4743,1
4744,0
4745,1
4746,0
4747,0
4748,0
4749,0
4750,1
4751,0
4752,0
4753,0
4754,0
4755,0
4756,0
4757,0
4758,0
4759,0
4760,0
4761,1
4762,1
4763,0
4764,0
4765,0
4766,0
4767,0
4768,0
4769,0
4770,0
4771,0
4772,0
4773,0
4774,0
4775,0
4776,0
4777,0
4778,0
4779,0
4780,0
4781,0
4782,0
4783,0
4784,0
4785,0
4786,0
4787,0
4788,0
4789,0
4790,0
4791,0
4792,0
4793,0
4794,1
4795,1
4796,1
4797,0
4798,0
4799,0
4800,0
4801,0
4802,0
4803,0
4804,0
4805,1
4806,1
4807,0
4808,0
4809,0
4810,0
4811,1
4812,1
4813,1
4814,1
4815,1
4816,0
4817,0
4818,0
4819,0
4820,0
4821,0
4822,0
4823,0
4824,0
4825,0
4826,0
4827,0
4828,0
4829,0
4830,0
4831,0
4832,0
4833,0
4834,0
4835,0
4836,0
4837,0
4838,0
4839,0
4840,0
4841,0
4842,0
4843,0
4844,0
4845,0
4846,0
4847,0
4848,1
4849,0
4850,0
4851,0
4852,0
4853,0
4854,0
4855,0
4856,0
4857,0
4858,0
4859,0
4860,0
4861,0
4862,0
4863,0
4864,0
4865,0
4866,0
4867,0
4868,0
4869,0
4870,0
4871,0
4872,0
4873,0
4874,0
4875,0
4876,0
4877,0
4878,1
4879,1
4880,1
4881,1
4882,0
4883,0
4884,0
4885,0
4886,0
4887,0
4888,0
4889,0
4890,0
4891,0
4892,0
4893,0
4894,1
4895,1
4896,0
4897,1
4898,1
4899,1
4900,1
4901,1
4902,0
4903,1
4904,1
4905,1
4906,1
4907,1
4908,1
4909,1
4910,0
4911,0
4912,0
4913,0
4914,0
4915,1
4916,1
4917,1
4918,1
4919,1
4920,0
4921,1
4922,0
4923,0
4924,0
4925,0
4926,0
4927,0
4928,0
4929,1
4930,0
4931,0
4932,0
4933,0
4934,1
4935,0
4936,0
4937,0
4938,0
4939,0
4940,1
4941,1
4942,1
4943,0
4944,0
4945,0
4946,1
4947,1
4948,0
4949,1
4950,0
4951,1
4952,0
4953,1
4954,1
4955,1
4956,1
4957,0
4958,0
4959,0
4960,0
4961,0
4962,0
4963,0
4964,1
4965,0
4966,0
4967,0
4968,1
4969,0
4970,0
4971,1
4972,0
4973,0
4974,0
4975,1
4976,1
4977,1
4978,1
4979,0
4980,0
4981,0
4982,0
4983,0
4984,1
4985,0
4986,0
4987,1
4988,1
4989,0
4990,1
4991,0
4992,1
4993,1
4994,1
4995,0
4996,1
4997,1
4998,1
4999,1
5000,1
5001,1
5002,1
5003,1
5004,1
5005,1
5006,1
5007,1
5008,1
5009,1
5010,1
5011,1
5012,0
5013,0
5014,0
5015,0
5016,0
5017,0
5018,0
5019,0
5020,0
5021,0
5022,0
5023,0
5024,0
5025,0
5026,0
5027,0
5028,0
5029,0
5030,0
5031,0
5032,0
5033,1
5034,0
5035,1
5036,0
5037,0
5038,0
5039,0
5040,0
5041,0
5042,0
5043,0
5044,1
5045,0
5046,0
5047,0
5048,0
5049,0
5050,0
5051,0
5052,1
5053,1
5054,1
5055,0
5056,0
5057,0
5058,1
5059,1
5060,1
5061,1
5062,0
5063,1
5064,1
5065,0
5066,0
5067,1
5068,1
5069,1
5070,1
5071,1
5072,0
5073,0
5074,0
5075,0
5076,1
5077,1
5078,1
5079,0
5080,1
5081,1
5082,0
5083,0
5084,1
5085,1
5086,1
5087,1
5088,1
5089,1
5090,1
5091,1
5092,1
5093,1
5094,1
5095,1
5096,1
5097,1
5098,0
5099,0
5100,1
5101,1
5102,1
5103,0
5104,0
5105,0
5106,0
5107,1
5108,0
5109,1
5110,1
5111,1
5112,0
5113,0
5114,1
5115,1
5116,1
5117,0
5118,1
5119,0
5120,1
5121,1
5122,1
5123,1
5124,1
5125,1
5126,1
5127,1
5128,1
5129,0
5130,0
5131,0
5132,1
5133,0
5134,0
5135,0
5136,0
5137,0
5138,0
5139,1
5140,1
5141,1
5142,1
5143,1
5144,1
5145,0
5146,0
5147,0
5148,0
5149,1
5150,1
5151,1
5152,1
5153,1
5154,1
5155,1
5156,1
5157,1
5158,1
5159,1
5160,1
5161,1
5162,1
5163,1
5164,0
5165,1
5166,1
5167,1
5168,1
5169,1
5170,1
5171,1
5172,1
5173,1
5174,0
5175,0
5176,0
5177,0
5178,0
5179,0
5180,0
5181,0
5182,1
5183,1
5184,0
5185,0
5186,0
5187,0
5188,1
5189,0
5190,1
5191,0
5192,0
5193,0
5194,0
5195,0
5196,0
5197,0
5198,1
5199,1
5200,1
5201,1
5202,0
5203,0
5204,1
5205,1
5206,0
5207,0
5208,0
5209,1
5210,1
5211,0
5212,0
5213,0
5214,0
5215,0
5216,1
5217,1
5218,0
5219,0
5220,0
5221,0
5222,0
5223,0
5224,0
5225,1
5226,0
5227,1
5228,1
5229,0
5230,1
5231,1
5232,1
5233,1
5234,0
5235,1
5236,1
5237,0
5238,0
5239,0
5240,0
5241,0
5242,0
5243,0
5244,0
5245,1
5246,0
5247,0
5248,1
5249,1
5250,0
5251,1
5252,0
5253,0
5254,0
5255,0
5256,0
5257,0
5258,0
5259,0
5260,0
5261,1
5262,0
5263,0
5264,1
5265,0
5266,0
5267,0
5268,1
5269,1
5270,0
5271,0
5272,0
5273,1
5274,1
5275,1
5276,1
5277,1
5278,0
5279,0
5280,0
5281,0
5282,0
5283,1
5284,1
5285,1
5286,0
5287,0
5288,0
5289,0
5290,1
5291,1
5292,1
5293,1
5294,1
5295,0
5296,1
5297,1
5298,0
5299,0
5300,0
5301,0
5302,0
5303,0
5304,0
5305,0
5306,1
5307,1
5308,1
5309,1
5310,0
5311,0
5312,0
5313,1
5314,1
5315,1
5316,1
5317,1
5318,1
5319,1
5320,0
5321,0
5322,0
5323,0
5324,1
5325,0
5326,1
5327,1
5328,1
5329,1
5330,0
5331,1
5332,1
5333,1
5334,1
5335,1
5336,0
5337,1
5338,1
5339,0
5340,0
5341,0
5342,0
5343,0
5344,0
5345,0
5346,0
5347,0
5348,0
5349,0
5350,0
5351,0
5352,0
5353,1
5354,1
5355,0
5356,0
5357,0
5358,0
5359,0
5360,0
5361,0
5362,0
5363,0
5364,0
5365,0
5366,0
5367,0
5368,0
5369,0
5370,0
5371,1
5372,1
5373,1
5374,1
5375,1
5376,1
5377,0
5378,1
5379,1
5380,1
5381,1
5382,0
5383,0
5384,0
5385,0
5386,0
5387,0
5388,0
5389,0
5390,0
5391,0
5392,0
5393,0
5394,0
5395,0
5396,1
5397,1
5398,0
5399,1
5400,0
5401,0
5402,0
5403,1
5404,0
5405,0
5406,0
5407,0
5408,0
5409,1
5410,1
5411,1
5412,1
5413,0
5414,0
5415,0
5416,0
5417,0
5418,0
5419,1
5420,1
5421,1
5422,1
5423,1
5424,1
5425,0
5426,0
5427,0
5428,0
5429,0
5430,0
5431,0
5432,0
5433,0
5434,0
5435,0
5436,0
5437,0
5438,0
5439,0
5440,0
5441,0
5442,0
5443,0
5444,0
5445,0
5446,0
5447,1
5448,1
5449,1
5450,1
5451,0
5452,1
5453,0
5454,0
5455,0
5456,1
5457,0
5458,0
5459,1
5460,0
5461,0
5462,0
5463,1
5464,0
5465,0
5466,0
5467,0
5468,0
5469,0
5470,0
5471,0
5472,0
5473,0
5474,0
5475,0
5476,0
5477,0
5478,0
5479,0
5480,0
5481,0
5482,0
5483,0
5484,0
5485,0
5486,0
5487,0
5488,0
5489,0
5490,1
5491,0
5492,1
5493,0
5494,1
5495,1
5496,1
5497,1
5498,1
5499,1
5500,1
5501,0
5502,0
5503,0
5504,0
5505,0
5506,0
5507,0
5508,1
5509,1
5510,1
5511,1
5512,0
5513,0
5514,0
5515,0
5516,0
5517,0
5518,0
5519,0
5520,0
5521,0
5522,0
5523,0
5524,0
5525,0
5526,0
5527,0
5528,0
5529,0
5530,0
5531,0
5532,0
5533,0
5534,0
5535,0
5536,0
5537,0
5538,0
5539,0
5540,0
5541,0
5542,0
5543,0
5544,0
5545,0
5546,0
5547,0
5548,0
5549,0
5550,0
5551,0
5552,0
5553,1
5554,0
5555,0
5556,1
5557,0
5558,0
5559,1
5560,1
5561,1
5562,0
5563,0
5564,1
5565,0
5566,1
5567,0
5568,0
5569,0
5570,0
5571,0
5572,0
5573,0
5574,0
5575,1
5576,0
5577,0
5578,0
5579,0
5580,0
5581,0
5582,0
5583,0
5584,0
5585,0
5586,0
5587,0
5588,0
5589,0
5590,1
5591,0
5592,0
5593,0
5594,0
5595,0
5596,1
5597,0
5598,1
5599,1
5600,1
5601,1
5602,1
5603,1
5604,1
5605,1
5606,0
5607,0
5608,1
5609,1
5610,0
5611,1
5612,1
5613,1
5614,1
5615,1
5616,0
5617,0
5618,0
5619,0
5620,1
5621,1
5622,1
5623,1
5624,0
5625,0
5626,0
5627,0
5628,1
5629,1
5630,1
5631,1
5632,0
5633,0
5634,0
5635,0
5636,0
5637,0
5638,0
5639,1
5640,1
5641,1
5642,1
5643,1
5644,1
5645,1
5646,1
5647,0
5648,0
5649,0
5650,1
5651,0
5652,0
5653,0
5654,0
5655,0
5656,0
5657,0
5658,0
5659,0
5660,1
5661,1
5662,1
5663,1
5664,0
5665,0
5666,1
5667,1
5668,1
5669,1
5670,1
5671,1
5672,1
5673,1
5674,1
5675,0
5676,0
5677,1
5678,0
5679,0
5680,0
5681,0
5682,0
5683,0
5684,0
5685,0
5686,0
5687,0
5688,0
5689,0
5690,0
5691,0
5692,0
5693,0
5694,0
5695,0
5696,0
5697,0
5698,0
5699,0
5700,0
5701,0
5702,1
5703,0
5704,0
5705,1
5706,1
5707,0
5708,1
5709,1
5710,1
5711,1
5712,1
5713,1
5714,1
5715,0
5716,0
5717,0
5718,0
5719,0
5720,0
5721,0
5722,0
5723,0
5724,0
5725,1
5726,0
5727,0
5728,0
5729,0
5730,0
5731,0
5732,0
5733,0
5734,0
5735,1
5736,0
5737,0
5738,1
5739,1
5740,1
5741,0
5742,1
5743,1
5744,0
5745,1
5746,1
5747,1
5748,1
5749,1
5750,1
5751,0
5752,1
5753,1
5754,1
5755,1
5756,0
5757,0
5758,0
5759,0
5760,0
5761,1
5762,1
5763,1
5764,0
5765,0
5766,0
5767,1
5768,1
5769,0
5770,0
5771,0
5772,0
5773,0
5774,0
5775,1
5776,1
5777,0
5778,0
5779,0
5780,0
5781,0
5782,1
5783,0
5784,1
5785,1
5786,0
5787,0
5788,0
5789,0
5790,0
5791,0
5792,0
5793,0
5794,0
5795,1
5796,1
5797,1
5798,1
5799,1
5800,1
5801,1
5802,1
5803,1
5804,1
5805,0
5806,1
5807,0
5808,1
5809,0
5810,1
5811,1
5812,1
5813,1
5814,1
5815,1
5816,0
5817,0
5818,0
5819,0
5820,0
5821,0
5822,0
5823,0
5824,0
5825,1
5826,0
5827,0
5828,0
5829,0
5830,0
5831,0
5832,1
5833,0
5834,1
5835,1
5836,0
5837,0
5838,0
5839,0
5840,0
5841,0
5842,0
5843,0
5844,0
5845,1
5846,0
5847,0
5848,1
5849,0
5850,0
5851,0
5852,0
5853,0
5854,0
5855,0
5856,0
5857,0
5858,0
5859,0
5860,0
5861,0
5862,0
5863,0
5864,0
5865,0
5866,0
5867,0
5868,0
5869,0
5870,0
5871,0
5872,0
5873,0
5874,0
5875,1
5876,1
5877,0
5878,0
5879,0
5880,0
5881,0
5882,0
5883,0
5884,0
5885,0
5886,0
5887,0
5888,0
5889,0
5890,0
5891,0
5892,0
5893,0
5894,0
5895,0
5896,0
5897,0
5898,0
5899,0
5900,0
5901,0
5902,0
5903,0
5904,0
5905,0
5906,0
5907,0
5908,0
5909,0
5910,0
5911,0
5912,0
5913,0
5914,0
5915,0
5916,0
5917,0
5918,0
5919,0
5920,0
5921,0
5922,0
5923,0
5924,0
5925,0
5926,0
5927,0
5928,0
5929,0
5930,0
5931,0
5932,0
5933,0
5934,0
5935,0
5936,0
5937,0
5938,0
5939,0
5940,0
5941,0
5942,0
5943,0
5944,0
5945,0
5946,0
5947,0
5948,0
5949,0
5950,0
5951,0
5952,0
5953,0
5954,0
5955,0
5956,0
5957,0
5958,0
5959,0
5960,0
5961,0
5962,0
5963,0
5964,0
5965,0
5966,0
5967,0
5968,0
5969,0
5970,0
5971,0
5972,0
5973,0
5974,0
5975,0
5976,0
5977,0
5978,0
5979,0
5980,0
5981,0
5982,0
5983,0
5984,0
5985,0
5986,0
5987,0
5988,0
5989,0
5990,0
5991,0
5992,0
5993,0
5994,0
5995,0
5996,0
5997,0
5998,0
5999,0
6000,0
6001,0
6002,0
6003,0
6004,0
6005,0
6006,0
6007,1
6008,0
6009,0
6010,0
6011,1
6012,0
6013,0
6014,0
6015,0
6016,0
6017,0
6018,0
6019,0
6020,0
6021,1
6022,1
6023,0
6024,0
6025,0
6026,0
6027,0
6028,0
6029,0
6030,0
6031,0
6032,0
6033,0
6034,0
6035,0
6036,0
6037,0
6038,0
6039,0
6040,0
6041,0
6042,0
6043,0
6044,0
6045,0
6046,0
6047,0
6048,0
6049,0
6050,0
6051,0
6052,0
6053,0
6054,0
6055,0
6056,0
6057,0
6058,0
6059,0
6060,0
6061,0
6062,0
6063,0
6064,0
6065,0
6066,0
6067,0
6068,0
6069,0
6070,0
6071,0
6072,0
6073,0
6074,0
6075,0
6076,0
6077,0
6078,0
6079,0
6080,0
6081,0
6082,0
6083,0
6084,0
6085,0
6086,0
6087,0
6088,0
6089,0
6090,0
6091,0
6092,0
6093,0
6094,0
6095,0
6096,0
6097,0
6098,0
6099,0
6100,0
6101,0
6102,0
6103,0
6104,0
6105,0
6106,0
6107,0
6108,0
6109,0
6110,0
6111,0
6112,0
6113,0
6114,0
6115,0
6116,0
6117,1
6118,0
6119,0
6120,0
6121,0
6122,0
6123,0
6124,0
6125,0
6126,0
6127,0
6128,0
6129,0
6130,0
6131,0
6132,0
6133,0
6134,0
6135,1
6136,0
6137,0
6138,0
6139,0
6140,0
6141,0
6142,1
6143,0
6144,0
6145,0
6146,0
6147,1
6148,1
6149,0
6150,0
6151,0
6152,1
6153,1
6154,0
6155,1
6156,0
6157,0
6158,0
6159,1
6160,0
6161,0
6162,0
6163,0
6164,0
6165,0
6166,0
6167,1
6168,0
6169,0
6170,0
6171,0
6172,0
6173,0
6174,0
6175,0
6176,0
6177,0
6178,0
6179,0
6180,0
6181,0
6182,0
6183,0
6184,0
6185,0
6186,0
6187,0
6188,0
6189,0
6190,0
6191,0
6192,0
6193,0
6194,0
6195,0
6196,0
6197,0
6198,0
6199,0
6200,0
6201,0
6202,0
6203,0
6204,0
6205,0
6206,0
6207,0
6208,0
6209,1
6210,0
6211,0
6212,0
6213,0
6214,0
6215,0
6216,0
6217,1
6218,1
6219,1
6220,1
6221,0
6222,0
6223,0
6224,0
6225,0
6226,0
6227,0
6228,0
6229,0
6230,0
6231,0
6232,0
6233,0
6234,0
6235,0
6236,0
6237,0
6238,0
6239,1
6240,0
6241,1
6242,1
6243,1
6244,1
6245,1
6246,1
6247,1
6248,1
6249,0
6250,0
6251,0
6252,0
6253,0
6254,0
6255,0
6256,0
6257,0
6258,0
6259,1
6260,1
6261,1
6262,1
6263,0
6264,1
6265,1
6266,1
6267,1
6268,1
6269,1
6270,1
6271,1
6272,1
6273,1
6274,1
6275,1
6276,0
6277,1
6278,1
6279,1
6280,1
6281,0
6282,1
6283,1
6284,1
6285,1
6286,1
6287,1
6288,1
6289,1
6290,1
6291,1
6292,1
6293,1
6294,1
6295,1
6296,1
6297,1
6298,1
6299,1
6300,1
6301,1
6302,1
6303,1
6304,1
6305,1
6306,1
6307,1
6308,1
6309,1
6310,1
6311,1
6312,1
6313,1
6314,0
6315,0
6316,1
6317,0
6318,1
6319,0
6320,0
6321,1
6322,1
6323,1
6324,1
6325,1
6326,1
6327,1
6328,1
6329,1
6330,1
6331,0
6332,1
6333,0
6334,1
6335,1
6336,0
6337,1
6338,1
6339,0
6340,1
6341,1
6342,0
6343,1
6344,1
6345,1
6346,1
6347,1
6348,1
6349,1
6350,1
6351,1
6352,0
6353,1
6354,1
6355,1
6356,1
6357,1
6358,0
6359,1
6360,1
6361,1
6362,1
6363,1
6364,0
6365,0
6366,0
6367,0
6368,0
6369,0
6370,0
6371,0
6372,0
6373,0
6374,0
6375,1
6376,1
6377,0
6378,0
6379,1
6380,1
6381,0
6382,0
6383,0
6384,1
6385,0
6386,0
6387,1
6388,1
6389,0
6390,0
6391,0
6392,0
6393,0
6394,0
6395,0
6396,0
6397,0
6398,0
6399,0
6400,0
6401,0
6403,0
6404,0
6405,0
6406,0
6407,0
6408,0
6409,0
6410,0
6411,0
6412,0
6413,0
6414,0
6415,0
6416,0
6417,0
6418,0
6419,0
6420,0
6421,1
6422,0
6423,0
6424,0
6425,0
6427,0
6428,0
6429,0
6430,0
6431,0
6432,0
6433,0
6435,0
6436,0
6437,0
6438,0
6439,0
6440,0
6441,0
6442,0
6443,0
6444,0
6445,1
6446,0
6447,0
6448,0
6449,0
6450,0
6451,0
6452,0
6453,0
6454,0
6455,0
6456,0
6457,0
6458,0
6459,0
6460,0
6461,0
6462,0
6463,1
6464,0
6465,1
6466,1
6467,1
6468,1
6469,1
6470,1
6471,1
6472,0
6473,0
6474,1
6475,1
6476,1
6477,1
6478,0
6479,0
6480,1
6481,1
6482,1
6483,1
6484,1
6485,1
6486,1
6487,1
6488,1
6489,0
6490,0
6491,1
6492,1
6493,1
6494,1
6495,1
6496,1
6497,1
6498,1
6499,1
6500,1
6501,0
6502,0
6503,0
6504,0
6505,0
6506,0
6507,0
6508,0
6509,0
6510,0
6511,0
6512,0
6513,0
6514,1
6515,1
6516,0
6517,1
6518,1
6519,1
6520,1
6521,1
6522,1
6523,1
6524,1
6525,1
6526,1
6527,1
6528,1
6529,1
6530,0
6531,1
6532,1
6533,0
6534,0
6535,0
6536,1
6537,0
6538,1
6539,0
6540,1
6541,0
6542,0
6543,1
6544,0
6545,0
